episode,time_s,cars_completed,total_cars,average_reward,best_reward,worst_reward,epsilon,max_q,loss
1,3.441000,1,200,-383023.524439,14761.491447,-1141323.141924,0.000000,0.000000,0.000000
2,3.350000,1,200,-383023.524439,14761.491447,-1141323.141924,0.000000,0.000000,0.000000
3,3.322000,1,200,-383023.524439,14761.491447,-1141323.141924,0.000000,0.000000,0.000000
4,3.334000,1,200,-383023.524439,14761.491447,-1141323.141924,0.000000,0.000000,0.000000
5,3.310000,1,200,-383023.524439,14761.491447,-1141323.141924,0.000000,0.000000,0.000000
